{"cameraMode":{"drawMode":0,"name":"Shaded","section":"Shading Mode"},"sceneLighting":true,"audioPlay":false,"sceneViewState":{"showFog":true,"showMaterialUpdate":true,"showSkybox":false,"showFlares":true,"showImageEffects":true,"showParticleSystems":true},"in2DMode":false,"pivot":{"x":-506.7867431640625,"y":-293.18560791015627,"z":729.7014770507813},"rotation":{"x":-0.15102185308933259,"y":0.3022271990776062,"z":-0.04855918884277344,"w":-0.939943253993988},"size":1018.8447875976563,"orthographic":false}